"DESCRIPTION","DURATION IN MS","NAME","PARENT SUITE","START TIME","STATUS","STOP TIME","SUB SUITE","SUITE","TEST CLASS","TEST METHOD"
"","77","test_delete_created_booking","tests.api","2026-09-27","passed","2026-09-27","TestBookingAPI","test_booking_api","",""
"","1009","test_successful_login","tests.web","2026-09-27","passed","2026-09-27","TestLogin","test_login_scenarios","",""
"","312","test_invalid_login_scenarios[locked_out_user-secret_sauce-locked out]","tests.web","2026-09-27","passed","2026-09-27","TestLogin","test_login_scenarios","",""
"","309","test_invalid_login_scenarios[invalid_user-secret_sauce-Username and password do not match]","tests.web","2026-09-27","passed","2026-09-27","TestLogin","test_login_scenarios","",""
"","39","test_update_booking","tests.api","2026-09-27","passed","2026-09-27","TestBookingAPI","test_booking_api","",""
"","283","test_invalid_login_scenarios[standard_user--Password is required]","tests.web","2026-09-27","passed","2026-09-27","TestLogin","test_login_scenarios","",""
"","42","test_create_booking","tests.api","2026-09-27","passed","2026-09-27","TestBookingAPI","test_booking_api","",""
"","293","test_invalid_login_scenarios[standard_user-wrong_password-Username and password do not match]","tests.web","2026-09-27","passed","2026-09-27","TestLogin","test_login_scenarios","",""
"","291","test_invalid_login_scenarios[-secret_sauce-Username is required]","tests.web","2026-09-27","passed","2026-09-27","TestLogin","test_login_scenarios","",""
"","38","test_health_check","tests.api","2026-09-27","passed","2026-09-27","TestBookingAPI","test_booking_api","",""
"","42","test_get_booking_details","tests.api","2026-09-27","passed","2026-09-27","TestBookingAPI","test_booking_api","",""
